Total_Accidents,Total_Release_BBLS,Total_Recovered_BBLS,Avg_Prop_Damage,Avg_Env_Damage,Total_Fatalities,Total_Injuries,Operational_Rigs,Distillation_Capacity,Refinery_Inputs,%_Utilization_of_Refinery_Operable_Capacity,Date,%_Utilization_of_Refinery_Operable_Capacity_lag1,%_Utilization_of_Refinery_Operable_Capacity_lag3,%_Utilization_of_Refinery_Operable_Capacity_lag6,%_Utilization_of_Refinery_Operable_Capacity_lag12,Refinery_Inputs_lag1,Refinery_Inputs_lag3,Refinery_Inputs_lag6,Refinery_Inputs_lag12,Total_Accidents_lag1,Total_Accidents_lag3,Total_Accidents_lag6,Total_Accidents_lag12,%_Utilization_of_Refinery_Operable_Capacity_roll3_mean,%_Utilization_of_Refinery_Operable_Capacity_roll3_sum,%_Utilization_of_Refinery_Operable_Capacity_roll6_mean,%_Utilization_of_Refinery_Operable_Capacity_roll6_sum,%_Utilization_of_Refinery_Operable_Capacity_roll12_mean,%_Utilization_of_Refinery_Operable_Capacity_roll12_sum,Total_Accidents_roll3_mean,Total_Accidents_roll3_sum,Total_Accidents_roll6_mean,Total_Accidents_roll6_sum,Total_Accidents_roll12_mean,Total_Accidents_roll12_sum,Total_Release_BBLS_roll3_mean,Total_Release_BBLS_roll3_sum,Total_Release_BBLS_roll6_mean,Total_Release_BBLS_roll6_sum,Total_Release_BBLS_roll12_mean,Total_Release_BBLS_roll12_sum,Operational_Rigs_roll3_mean,Operational_Rigs_roll3_sum,Operational_Rigs_roll6_mean,Operational_Rigs_roll6_sum,Operational_Rigs_roll12_mean,Operational_Rigs_roll12_sum,target_utilization_pct
29,9687.69,4823.27,528758.9655172414,140889.9655172414,0,0,793.0,17736.0,15035.0,84.8,2011-01-01,88.4,82.5,91.2,79.9,15555.0,14466.0,16040.0,14065.0,41.0,10.0,29.0,34.0,85.8,257.4,87.36666666666667,524.2,86.33333333333333,1036.0,30.666666666666668,92.0,29.5,177.0,29.166666666666668,350.0,8075.386666666666,24226.16,10195.803333333333,61174.82,8379.866666666667,100558.4,725.0,2175.0,679.6666666666666,4078.0,586.9166666666666,7043.0,80.0
41,5760.41,1183.71,18634.829268292684,71510.43902439025,0,0,801.0,17736.0,14195.0,80.0,2011-02-01,84.8,86.5,89.1,81.1,15035.0,15166.0,15681.0,14267.0,29.0,41.0,27.0,16.0,86.56666666666666,259.7,86.3,517.8,86.74166666666667,1040.9,37.0,111.0,29.5,177.0,28.75,345.0,7764.723333333332,23294.17,7862.05,47172.3,8556.9925,102683.91,758.3333333333334,2275.0,713.3333333333334,4280.0,616.9166666666666,7403.0,84.4
25,1451.16,855.73,59084.12,121082.92,0,0,830.0,17736.0,14963.0,84.4,2011-03-01,80.0,88.4,86.5,83.2,14195.0,15555.0,15213.0,14630.0,41.0,41.0,29.0,32.0,84.39999999999999,253.2,84.78333333333333,508.7,86.64999999999999,1039.8,37.0,111.0,31.833333333333332,191.0,30.833333333333332,370.0,9049.646666666667,27148.940000000002,8043.07,48258.42,7887.7733333333335,94653.28,784.3333333333334,2353.0,739.5,4437.0,646.5,7758.0,82.9
23,9183.31,6782.49,40635.69565217391,911100.8260869564,0,0,896.0,17736.0,14710.0,82.9,2011-04-01,84.4,84.8,82.5,88.7,14963.0,15035.0,14466.0,15592.0,25.0,29.0,10.0,32.0,83.06666666666668,249.20000000000002,84.43333333333334,506.6,86.75,1041.0,31.666666666666668,95.0,31.166666666666668,187.0,30.25,363.0,5633.086666666667,16899.260000000002,6854.236666666667,41125.42,7703.441666666667,92441.3,808.0,2424.0,766.5,4599.0,676.4166666666666,8117.0,85.3
24,838.32,616.27,46222.083333333336,57983.875,0,0,948.0,17736.0,15129.0,85.3,2011-05-01,82.9,80.0,86.5,88.2,14710.0,14195.0,15166.0,15510.0,23.0,41.0,41.0,30.0,82.43333333333334,247.3,84.5,507.0,86.26666666666667,1035.2,29.666666666666668,89.0,33.333333333333336,200.0,29.5,354.0,5464.959999999999,16394.879999999997,6614.841666666667,39689.05,8214.2025,98570.43,842.3333333333334,2527.0,800.3333333333334,4802.0,708.75,8505.0,89.0
27,12771.86,4790.150000000001,62442.81481481482,41930.851851851854,0,0,979.0,17736.0,15778.0,89.0,2011-06-01,85.3,84.4,88.4,90.7,15129.0,14963.0,15555.0,15893.0,24.0,25.0,41.0,29.0,84.2,252.60000000000002,84.3,505.8,86.02499999999999,1032.3,24.0,72.0,30.5,183.0,29.0,348.0,3824.263333333333,11472.789999999999,6436.955000000001,38621.73,7858.814166666667,94305.77,891.3333333333334,2674.0,837.8333333333334,5027.0,742.6666666666666,8912.0,90.2
31,4728.19,467.3,212450.4193548387,196761.87096774197,0,0,1014.0,17736.0,16001.0,90.2,2011-07-01,89.0,82.9,84.8,91.2,15778.0,14710.0,15035.0,16040.0,27.0,23.0,29.0,29.0,85.73333333333333,257.2,84.4,506.40000000000003,85.88333333333333,1030.6,24.666666666666668,74.0,28.166666666666668,169.0,28.833333333333332,346.0,7597.829999999999,22793.489999999998,6615.458333333333,39692.75,8405.630833333335,100867.57,941.0,2823.0,874.5,5247.0,777.0833333333334,9325.0,90.3
36,2244.15,1398.89,249764.22222222225,92226.30555555556,0,0,1055.0,17736.0,16009.0,90.3,2011-08-01,90.2,85.3,80.0,89.1,16001.0,15129.0,14195.0,15681.0,31.0,24.0,41.0,27.0,88.16666666666667,264.5,85.3,511.8,85.8,1029.6,27.333333333333332,82.0,28.5,171.0,29.0,348.0,6112.79,18338.37,5788.875,34733.25,6825.462500000001,81905.55,980.3333333333334,2941.0,911.3333333333334,5468.0,812.3333333333334,9748.0,88.7
26,14832.29,961.08,198065.38461538465,256609.11538461535,0,0,1063.0,17736.0,15735.0,88.7,2011-09-01,90.3,89.0,84.4,86.5,16009.0,15778.0,14963.0,15213.0,36.0,27.0,25.0,29.0,89.83333333333333,269.5,87.01666666666667,522.1,85.89999999999999,1030.8,31.333333333333332,94.0,27.666666666666668,166.0,29.75,357.0,6581.400000000001,19744.2,5202.831666666667,31216.99,6622.950833333333,79475.41,1016.0,3048.0,953.6666666666666,5722.0,846.5833333333334,10159.0,84.9
29,4727.820000000001,3221.99,4456.586206896552,33252.51724137931,0,0,1077.0,17736.0,15050.0,84.9,2011-10-01,88.7,90.2,82.9,82.5,15735.0,16001.0,14710.0,14466.0,26.0,31.0,23.0,10.0,89.73333333333333,269.2,87.73333333333335,526.4000000000001,86.08333333333333,1033.0,31.0,93.0,27.833333333333332,167.0,29.5,354.0,7268.21,21804.63,7433.0199999999995,44598.119999999995,7143.628333333333,85723.54,1044.0,3132.0,992.5,5955.0,879.5,10554.0,87.0
22,14052.91,4902.6,105258.86363636365,385416.2727272727,0,0,1125.0,17730.0,15426.0,87.0,2011-11-01,84.9,90.3,85.3,86.5,15050.0,16009.0,15129.0,15166.0,29.0,36.0,24.0,41.0,87.96666666666665,263.9,88.06666666666666,528.4,86.28333333333335,1035.4,30.333333333333332,91.0,28.833333333333332,173.0,31.083333333333332,373.0,7268.086666666667,21804.260000000002,6690.438333333334,40142.630000000005,6652.64,79831.68000000001,1065.0,3195.0,1022.6666666666666,6136.0,911.5,10938.0,86.5
31,8832.1,1731.88,29796.290322580644,145688.03225806452,0,1,1177.0,17740.0,15341.0,86.5,2011-12-01,87.0,88.7,89.0,88.4,15426.0,15735.0,15778.0,15555.0,22.0,26.0,27.0,41.0,86.86666666666667,260.6,88.35000000000001,530.1,86.325,1035.9,25.666666666666668,77.0,28.5,171.0,29.5,354.0,11204.340000000002,33613.020000000004,8892.87,53357.22,7664.912500000001,91978.95000000001,1088.3333333333333,3265.0,1052.1666666666667,6313.0,945.0,11340.0,85.6
28,3575.97,1873.41,488060.3928571429,117288.35714285714,0,0,1208.0,17367.0,14865.0,85.6,2012-01-01,86.5,84.9,90.2,84.8,15341.0,15050.0,16001.0,15035.0,31.0,29.0,31.0,29.0,86.13333333333333,258.4,87.93333333333334,527.6,86.16666666666667,1034.0,27.333333333333332,82.0,29.166666666666668,175.0,28.666666666666668,344.0,9204.276666666667,27612.83,8236.243333333334,49417.46,7425.850833333334,89110.21,1126.3333333333333,3379.0,1085.1666666666667,6511.0,979.8333333333334,11758.0,86.5
32,3704.61,3208.36,32516.5625,118634.84375,0,0,1261.0,17367.0,15019.0,86.5,2012-02-01,85.6,87.0,90.3,80.0,14865.0,15426.0,16009.0,14195.0,28.0,22.0,36.0,41.0,86.36666666666667,259.1,87.16666666666667,523.0,86.23333333333335,1034.8000000000002,27.0,81.0,28.666666666666668,172.0,28.583333333333332,343.0,8820.326666666666,26460.98,8044.206666666666,48265.24,6916.5408333333335,82998.49,1170.0,3510.0,1117.5,6705.0,1014.4166666666666,12173.0,85.6
34,2286.7000000000003,873.38,81868.67647058824,70368.0294117647,1,1,1307.0,17275.0,14783.0,85.6,2012-03-01,86.5,86.5,88.7,84.4,15019.0,15341.0,15735.0,14963.0,32.0,31.0,26.0,25.0,86.2,258.6,86.53333333333335,519.2,86.77500000000002,1041.3000000000002,30.333333333333332,91.0,28.0,168.0,27.833333333333332,334.0,5370.893333333333,16112.68,8287.616666666667,49725.700000000004,6745.224166666667,80942.69,1215.3333333333333,3646.0,1151.8333333333333,6911.0,1052.75,12633.0,86.6
38,3782.48,2793.9500000000003,84454.57894736843,22723.78947368421,0,0,1329.0,17275.0,14952.0,86.6,2012-04-01,85.6,85.6,84.9,82.9,14783.0,14865.0,15050.0,14710.0,34.0,28.0,29.0,23.0,85.89999999999999,257.7,86.01666666666667,516.1,86.875,1042.5,31.333333333333332,94.0,29.333333333333332,176.0,28.583333333333332,343.0,3189.0933333333337,9567.28,6196.685,37180.11,6814.8525,81778.23,1258.6666666666667,3776.0,1192.5,7155.0,1092.5,13110.0,90.6
28,544.38,450.11,10252.035714285714,36069.96428571428,0,0,1373.0,17275.0,15657.0,90.6,2012-05-01,86.6,86.5,87.0,85.3,14952.0,15019.0,15426.0,15129.0,38.0,32.0,22.0,24.0,86.23333333333333,258.7,86.3,517.8,87.18333333333334,1046.2,34.666666666666664,104.0,30.833333333333332,185.0,29.833333333333332,358.0,3257.9300000000003,9773.79,6039.128333333334,36234.770000000004,6364.783333333333,76377.4,1299.0,3897.0,1234.5,7407.0,1128.5833333333333,13543.0,92.5
27,4313.93,537.69,45379.444444444445,38405.55555555556,1,1,1409.0,17275.0,15983.0,92.5,2012-06-01,90.6,85.6,86.5,89.0,15657.0,14783.0,15341.0,15778.0,28.0,34.0,31.0,27.0,87.59999999999998,262.79999999999995,86.89999999999999,521.4,87.625,1051.5,33.333333333333336,100.0,31.833333333333332,191.0,30.166666666666668,362.0,2204.52,6613.56,3787.706666666667,22726.24,6340.288333333333,76083.45999999999,1336.3333333333333,4009.0,1275.8333333333333,7655.0,1164.0,13968.0,92.5
27,6743.65,1801.51,265703.8888888889,485757.7037037037,0,0,1419.0,17291.0,15991.0,92.5,2012-07-01,92.5,86.6,85.6,90.2,15983.0,14952.0,14865.0,16001.0,27.0,38.0,28.0,31.0,89.89999999999999,269.7,87.89999999999999,527.4,87.91666666666667,1055.0,31.0,93.0,31.166666666666668,187.0,30.166666666666668,362.0,2880.263333333334,8640.79,3034.6783333333333,18208.07,5635.4608333333335,67625.53,1370.3333333333333,4111.0,1314.5,7887.0,1199.8333333333333,14398.0,91.1
30,1037.93,785.42,37115.53333333333,103031.5,0,0,1423.0,17211.0,15679.0,91.1,2012-08-01,92.5,90.6,86.5,90.3,15991.0,15657.0,15019.0,16009.0,27.0,28.0,32.0,36.0,91.86666666666667,275.6,89.05,534.3,88.10833333333333,1057.3,27.333333333333332,82.0,31.0,186.0,29.833333333333332,358.0,3867.3199999999997,11601.96,3562.625,21375.75,5803.4158333333335,69640.99,1400.3333333333333,4201.0,1349.6666666666667,8098.0,1233.5833333333333,14803.0,87.6
33,7164.19,368.33,79666.75757575757,9107.727272727272,0,0,1409.0,17400.0,15248.0,87.6,2012-09-01,91.1,92.5,85.6,88.7,15679.0,15983.0,14783.0,15735.0,30.0,27.0,34.0,26.0,92.03333333333335,276.1,89.81666666666666,538.9,88.175,1058.1,28.0,84.0,30.666666666666668,184.0,29.333333333333332,352.0,4031.8366666666666,12095.51,3118.1783333333333,18709.07,5702.8975,68434.77,1417.0,4251.0,1376.6666666666667,8260.0,1264.25,15171.0,87.1
24,1593.45,1396.46,58949.41666666666,36667.5,0,0,1407.0,17402.0,15153.0,87.1,2012-10-01,87.6,92.5,86.6,84.9,15248.0,15991.0,14952.0,15050.0,33.0,27.0,38.0,29.0,90.39999999999999,271.2,90.14999999999999,540.9,88.08333333333333,1057.0,30.0,90.0,30.5,183.0,29.916666666666668,359.0,4981.923333333333,14945.77,3931.093333333333,23586.559999999998,5063.889166666667,60766.67,1417.0,4251.0,1393.6666666666667,8362.0,1293.0833333333333,15517.0,88.6
34,2318.61,2061.48,119307.5294117647,228673.14705882352,0,0,1385.0,17408.0,15416.0,88.6,2012-11-01,87.1,91.1,90.6,87.0,15153.0,15679.0,15657.0,15426.0,24.0,30.0,28.0,22.0,88.59999999999998,265.79999999999995,90.23333333333333,541.4,88.26666666666667,1059.2,29.0,87.0,28.166666666666668,169.0,29.5,354.0,3265.19,9795.57,3566.2549999999997,21397.53,4802.691666666667,57632.299999999996,1413.0,4239.0,1406.6666666666667,8440.0,1320.5833333333333,15847.0,90.4
32,8819.12,486.67,56326.59375,68781.9375,0,0,1358.0,17391.0,15717.0,90.4,2012-12-01,88.6,87.6,92.5,86.5,15416.0,15248.0,15983.0,15341.0,34.0,33.0,27.0,31.0,87.76666666666665,263.29999999999995,89.89999999999999,539.4,88.39999999999999,1060.8,30.333333333333332,91.0,29.166666666666668,175.0,30.5,366.0,3692.0833333333335,11076.25,3861.9599999999996,23171.76,3824.8333333333335,45898.0,1400.3333333333333,4201.0,1408.6666666666667,8452.0,1342.25,16107.0,83.8
47,1152.58,702.68,46013.97872340425,28105.36170212766,0,0,1318.0,17823.0,14934.0,83.8,2013-01-01,90.4,87.1,92.5,85.6,15717.0,15153.0,15991.0,14865.0,32.0,24.0,27.0,28.0,88.7,266.1,89.55,537.3,88.72500000000001,1064.7,30.0,90.0,30.0,180.0,30.583333333333332,367.0,4243.7266666666665,12731.18,4612.825,27676.95,3823.751666666667,45885.020000000004,1383.3333333333333,4150.0,1400.1666666666667,8401.0,1357.3333333333333,16288.0,81.6
43,2426.98,2206.1,82883.48837209302,66799.53488372093,0,1,1332.0,17814.0,14542.0,81.6,2013-02-01,83.8,88.6,91.1,86.5,14934.0,15416.0,15679.0,15019.0,47.0,34.0,30.0,32.0,87.60000000000001,262.8,88.09999999999998,528.5999999999999,88.57499999999999,1062.8999999999999,37.666666666666664,113.0,33.333333333333336,200.0,32.166666666666664,386.0,4096.77,12290.310000000001,3680.980000000001,22085.880000000005,3621.8025000000002,43461.630000000005,1353.6666666666667,4061.0,1383.3333333333333,8300.0,1366.5,16398.0,83.7
26,34831.6,9006.199999999999,322379.1153846154,1785436.6923076925,1,0,1339.0,17814.0,14907.0,83.7,2013-03-01,81.6,90.4,87.6,85.6,14542.0,15717.0,15248.0,14783.0,43.0,32.0,33.0,34.0,85.26666666666667,255.8,86.51666666666667,519.1,88.16666666666667,1058.0,40.666666666666664,122.0,35.5,213.0,33.083333333333336,397.0,4132.893333333333,12398.68,3912.488333333334,23474.930000000004,3515.3333333333335,42184.0,1336.0,4008.0,1368.1666666666667,8209.0,1372.4166666666667,16469.0,85.8
39,337.56,245.25,127124.84615384616,201293.5128205128,0,0,1374.0,17814.0,15282.0,85.8,2013-04-01,83.7,83.8,87.1,86.6,14907.0,14934.0,15153.0,14952.0,26.0,47.0,24.0,38.0,83.03333333333333,249.1,85.86666666666666,515.1999999999999,88.00833333333333,1056.1,38.666666666666664,116.0,34.333333333333336,206.0,32.416666666666664,389.0,12803.720000000001,38411.16,8523.723333333333,51142.340000000004,6227.408333333333,74728.9,1329.6666666666667,3989.0,1356.5,8139.0,1375.0833333333333,16501.0,88.2
47,3430.1400000000003,2721.46,56620.21276595745,217100.6170212766,0,0,1407.0,17815.0,15714.0,88.2,2013-05-01,85.8,81.6,88.6,90.6,15282.0,14542.0,15416.0,15657.0,39.0,43.0,34.0,28.0,83.7,251.10000000000002,85.64999999999999,513.9,87.94166666666666,1055.3,36.0,108.0,36.833333333333336,221.0,32.5,390.0,12532.046666666663,37596.13999999999,8314.408333333335,49886.450000000004,5940.331666666666,71283.98,1348.3333333333333,4045.0,1351.0,8106.0,1378.8333333333333,16546.0,91.6
29,5048.93,1759.2,13103.896551724138,42783.96551724138,0,0,1404.0,17815.0,16313.0,91.6,2013-06-01,88.2,83.7,90.4,92.5,15714.0,14907.0,15717.0,15983.0,47.0,26.0,32.0,27.0,85.89999999999999,257.7,85.58333333333333,513.5,87.74166666666667,1052.9,37.333333333333336,112.0,39.0,234.0,34.083333333333336,409.0,12866.433333333332,38599.299999999996,8499.663333333334,50997.98,6180.811666666667,74169.74,1373.3333333333333,4120.0,1354.6666666666667,8128.0,1381.6666666666667,16580.0,92.5
34,22689.460000000003,7455.16,154197.85294117648,405977.7941176471,0,0,1396.0,17818.0,16483.0,92.5,2013-07-01,91.6,85.8,83.8,92.5,16313.0,15282.0,14934.0,15991.0,29.0,39.0,47.0,27.0,88.53333333333335,265.6,85.78333333333335,514.7,87.66666666666667,1052.0,38.333333333333336,115.0,38.5,231.0,34.25,411.0,2938.876666666667,8816.630000000001,7871.298333333335,47227.79000000001,6242.061666666666,74904.73999999999,1395.0,4185.0,1362.3333333333333,8174.0,1381.25,16575.0,91.4
36,31154.62,1308.55,106005.61111111112,144612.19444444444,0,1,1388.0,17820.0,16291.0,91.4,2013-08-01,92.5,88.2,81.6,91.1,16483.0,15714.0,14542.0,15679.0,34.0,47.0,43.0,30.0,90.76666666666665,272.29999999999995,87.23333333333333,523.4,87.66666666666667,1052.0,36.666666666666664,110.0,36.333333333333336,218.0,34.833333333333336,418.0,10389.510000000002,31168.530000000006,11460.778333333335,68764.67000000001,7570.879166666667,90850.55,1402.3333333333333,4207.0,1375.3333333333333,8252.0,1379.3333333333333,16552.0,90.7
24,5521.02,1041.15,100631.04166666669,97291.25,0,1,1364.0,17820.0,16157.0,90.7,2013-09-01,91.4,91.6,83.7,87.6,16291.0,16313.0,14907.0,15248.0,36.0,29.0,26.0,33.0,91.83333333333333,275.5,88.86666666666667,533.2,87.69166666666666,1052.3,33.0,99.0,35.166666666666664,211.0,35.333333333333336,424.0,19631.003333333334,58893.01,16248.718333333336,97492.31000000001,10080.603333333333,120967.23999999999,1396.0,4188.0,1384.6666666666667,8308.0,1376.4166666666667,16517.0,86.8
25,1163.45,1046.02,193623.88,31140.6,0,0,1364.0,17820.0,15475.0,86.8,2013-10-01,90.7,92.5,85.8,87.1,16157.0,16483.0,15282.0,15153.0,24.0,34.0,39.0,24.0,91.53333333333335,274.6,90.03333333333332,540.1999999999999,87.94999999999999,1055.3999999999999,31.333333333333332,94.0,34.833333333333336,209.0,34.583333333333336,415.0,19788.36666666667,59365.100000000006,11363.621666666668,68181.73000000001,9943.6725,119324.07,1382.6666666666667,4148.0,1388.8333333333333,8333.0,1372.6666666666667,16472.0,90.6
26,4759.58,358.08,100127.1153846154,34694.153846153844,0,0,1384.0,17820.0,16135.0,90.6,2013-11-01,86.8,91.4,88.2,88.6,15475.0,16291.0,15714.0,15416.0,25.0,36.0,47.0,34.0,89.63333333333333,268.9,90.2,541.2,87.92500000000001,1055.1000000000001,28.333333333333332,85.0,32.5,195.0,34.666666666666664,416.0,12613.029999999999,37839.09,11501.270000000002,69007.62000000001,9907.839166666667,118894.06999999999,1372.0,4116.0,1387.1666666666667,8323.0,1369.0833333333333,16429.0,91.9
24,4948.15,4019.39,107972.04166666669,69685.625,0,0,1396.0,17820.0,16377.0,91.9,2013-12-01,90.6,90.7,91.6,90.4,16135.0,16157.0,16313.0,15717.0,26.0,24.0,29.0,32.0,89.36666666666667,268.1,90.59999999999998,543.5999999999999,88.09166666666665,1057.1,25.0,75.0,29.0,174.0,34.0,408.0,3814.683333333332,11444.049999999996,11722.843333333336,70337.06000000001,10111.253333333332,121335.04,1370.6666666666667,4112.0,1383.3333333333333,8300.0,1369.0,16428.0,87.3
47,3199.84,2754.57,5684.787234042553,50862.59574468085,0,0,1403.0,17925.0,15649.0,87.3,2014-01-01,91.9,86.8,92.5,83.8,16377.0,15475.0,16483.0,14934.0,24.0,25.0,34.0,47.0,89.76666666666667,269.3,90.64999999999999,543.9,88.21666666666665,1058.6,25.0,75.0,28.166666666666668,169.0,33.333333333333336,400.0,3623.7266666666656,10871.179999999997,11706.046666666667,70236.28,9788.672499999999,117464.06999999999,1381.3333333333333,4144.0,1382.0,8292.0,1372.1666666666667,16466.0,86.6
44,2140.79,1783.8,19890.727272727272,15185.295454545454,0,0,1424.0,17925.0,15518.0,86.6,2014-02-01,87.3,90.6,91.4,81.6,15649.0,16135.0,16291.0,14542.0,47.0,26.0,36.0,43.0,89.93333333333334,269.8,89.78333333333335,538.7,88.50833333333333,1062.1,32.333333333333336,97.0,30.333333333333332,182.0,33.333333333333336,400.0,4302.523333333332,12907.569999999996,8457.776666666667,50746.66,9959.2775,119511.33,1394.3333333333333,4183.0,1383.1666666666667,8299.0,1379.25,16551.0,85.8
52,7095.62,2880.67,32529.346153846152,132932.15384615384,0,0,1466.0,17931.0,15390.0,85.8,2014-03-01,86.6,91.9,90.7,83.7,15518.0,16377.0,16157.0,14907.0,44.0,24.0,24.0,26.0,88.60000000000001,265.8,88.98333333333333,533.9,88.925,1067.1,38.333333333333336,115.0,31.666666666666668,190.0,33.416666666666664,401.0,3429.593333333332,10288.779999999995,3622.1383333333347,21732.83000000001,9935.428333333333,119225.14,1407.6666666666667,4223.0,1389.1666666666667,8335.0,1386.9166666666667,16643.0,90.6
46,1637.2,1140.58,26465.78260869565,20574.5,0,0,1515.0,17951.0,16264.0,90.6,2014-04-01,85.8,87.3,86.8,85.8,15390.0,15649.0,15475.0,15282.0,52.0,47.0,25.0,39.0,86.56666666666666,259.7,88.16666666666667,529.0,89.10000000000001,1069.2,47.666666666666664,143.0,36.333333333333336,218.0,35.583333333333336,427.0,4145.416666666665,12436.249999999996,3884.571666666668,23307.430000000008,7624.096666666667,91489.16,1431.0,4293.0,1406.1666666666667,8437.0,1397.5,16770.0,90.2
39,7067.21,2712.23,107700.58974358976,260637.92307692303,0,0,1530.0,17951.0,16197.0,90.2,2014-05-01,90.6,86.6,90.6,88.2,16264.0,15518.0,16135.0,15714.0,46.0,44.0,26.0,47.0,87.66666666666667,263.0,88.8,532.8,89.5,1074.0,47.333333333333336,142.0,39.833333333333336,239.0,36.166666666666664,434.0,3624.5366666666655,10873.609999999997,3963.530000000001,23781.180000000008,7732.400000000001,92788.8,1468.3333333333333,4405.0,1431.3333333333333,8588.0,1409.25,16911.0,90.3
24,1354.84,554.27,21524.33333333333,23661.0,0,0,1545.0,17825.0,16087.0,90.3,2014-06-01,90.2,85.8,91.9,91.6,16197.0,15390.0,16377.0,16313.0,39.0,52.0,24.0,29.0,88.86666666666667,266.6,88.73333333333333,532.4,89.66666666666667,1076.0,45.666666666666664,137.0,42.0,252.0,35.5,426.0,5266.676666666665,15800.029999999995,4348.135000000001,26088.81000000001,8035.489166666666,96425.87,1503.6666666666667,4511.0,1455.6666666666667,8734.0,1419.5,17034.0,94.7
33,2085.4500000000003,1860.02,78841.27272727272,16308.515151515152,0,0,1560.0,17835.0,16880.0,94.7,2014-07-01,90.3,90.6,87.3,92.5,16087.0,16264.0,15649.0,16483.0,24.0,46.0,47.0,34.0,90.36666666666667,271.1,88.46666666666665,530.8,89.55833333333334,1074.7,36.333333333333336,109.0,42.0,252.0,35.083333333333336,421.0,3353.083333333332,10059.249999999996,3749.2500000000014,22495.500000000007,7727.6483333333335,92731.78,1530.0,4590.0,1480.5,8883.0,1431.25,17175.0,93.7
36,1408.78,593.9,87092.94444444444,156328.58333333334,0,0,1578.0,17835.0,16707.0,93.7,2014-08-01,94.7,90.2,86.6,91.4,16880.0,16197.0,15518.0,16291.0,33.0,39.0,44.0,36.0,91.73333333333333,275.2,89.7,538.2,89.74166666666667,1076.9,32.0,96.0,39.666666666666664,238.0,35.0,420.0,3502.4999999999986,10507.499999999996,3563.518333333335,21381.110000000008,6010.6475,72127.77,1545.0,4635.0,1506.6666666666667,9040.0,1444.9166666666667,17339.0,91.7
38,743.68,670.4,49990.55263157895,89348.52631578948,0,0,1592.0,17835.0,16358.0,91.7,2014-09-01,93.7,90.3,85.8,90.7,16707.0,16087.0,15390.0,16157.0,36.0,24.0,52.0,24.0,92.90000000000002,278.70000000000005,90.88333333333333,545.3,89.93333333333334,1079.2,31.0,93.0,38.333333333333336,230.0,35.0,420.0,1616.3566666666654,4849.069999999996,3441.516666666668,20649.100000000006,3531.8275,42381.93,1561.0,4683.0,1532.3333333333333,9194.0,1460.75,17529.0,87.7
30,4747.32,4169.53,920625.0,16598.666666666668,0,0,1593.0,17851.0,15660.0,87.7,2014-10-01,91.7,94.7,90.6,86.8,16358.0,16880.0,16264.0,15475.0,38.0,33.0,46.0,25.0,93.36666666666667,280.1,91.86666666666667,551.2,90.01666666666667,1080.2,35.666666666666664,107.0,36.0,216.0,36.166666666666664,434.0,1412.6366666666654,4237.909999999996,2382.860000000001,14297.160000000005,3133.715833333333,37604.59,1576.6666666666667,4730.0,1553.3333333333333,9320.0,1479.75,17757.0,91.9
32,4413.48,1111.15,17492.15625,64650.1875,0,0,1573.0,17811.0,16367.0,91.9,2014-11-01,87.7,93.7,90.2,90.6,15660.0,16707.0,16197.0,16135.0,30.0,36.0,39.0,26.0,91.03333333333335,273.1,91.38333333333333,548.3,90.09166666666665,1081.1,34.666666666666664,104.0,33.333333333333336,200.0,36.583333333333336,439.0,2299.9266666666654,6899.779999999996,2901.2133333333345,17407.280000000006,3432.3716666666664,41188.46,1587.6666666666667,4763.0,1566.3333333333333,9398.0,1498.8333333333333,17986.0,94.1
34,12488.72,5997.13,81724.44117647059,155241.61764705885,0,0,1528.0,17811.0,16751.0,94.1,2014-12-01,91.9,91.7,90.3,91.9,16367.0,16358.0,16087.0,16377.0,32.0,38.0,24.0,24.0,90.43333333333334,271.3,91.66666666666667,550.0,90.2,1082.4,33.333333333333336,100.0,32.166666666666664,193.0,37.083333333333336,445.0,3301.493333333332,9904.479999999996,2458.925000000001,14753.550000000007,3403.53,40842.36,1586.0,4758.0,1573.5,9441.0,1514.5833333333333,18175.0,87.8
44,60315.29,1686.46,211770.45454545456,170297.75,0,0,1332.0,17967.0,15767.0,87.8,2015-01-01,94.1,87.7,94.7,87.3,16751.0,15660.0,16880.0,15649.0,34.0,30.0,33.0,47.0,91.23333333333335,273.70000000000005,92.3,553.8,90.38333333333333,1084.6,32.0,96.0,33.833333333333336,203.0,37.916666666666664,455.0,7216.506666666665,21649.519999999997,4314.571666666668,25887.430000000008,4031.910833333333,48382.92999999999,1564.6666666666667,4694.0,1570.6666666666667,9424.0,1525.5833333333333,18307.0,87.1
32,1050.23,781.38,34741.9375,25606.5625,0,0,1050.0,17950.0,15635.0,87.1,2015-02-01,87.8,91.9,93.7,86.6,15767.0,16367.0,16707.0,15518.0,44.0,32.0,36.0,44.0,91.26666666666667,273.8,91.14999999999999,546.9,90.425,1085.1,36.666666666666664,110.0,35.666666666666664,214.0,37.666666666666664,452.0,25739.16333333333,77217.48999999999,14019.545,84117.27,8791.531666666668,105498.38,1477.6666666666667,4433.0,1532.6666666666667,9196.0,1519.6666666666667,18236.0,88.5
48,1474.4,1411.29,54696.833333333336,47958.04166666666,0,0,857.0,17950.0,15878.0,88.5,2015-03-01,87.1,94.1,91.7,85.8,15635.0,16751.0,16358.0,15390.0,32.0,34.0,38.0,52.0,89.66666666666667,269.0,90.05,540.3,90.46666666666668,1085.6000000000001,36.666666666666664,110.0,35.0,210.0,36.666666666666664,440.0,24618.08,73854.24,13959.786666666669,83758.72000000002,8700.651666666667,104407.81999999999,1303.3333333333333,3910.0,1444.6666666666667,8668.0,1488.5,17862.0,92.0
41,3149.41,411.27,24028.26829268293,41048.60975609756,0,0,750.0,17962.0,16521.0,92.0,2015-04-01,88.5,87.8,87.7,90.6,15878.0,15767.0,15660.0,16264.0,48.0,44.0,30.0,46.0,87.8,263.4,89.51666666666667,537.1,90.69166666666666,1088.3,41.333333333333336,124.0,36.666666666666664,220.0,36.333333333333336,436.0,20946.64,62839.92,14081.573333333334,84489.44,8232.216666666667,98786.6,1079.6666666666667,3239.0,1322.1666666666667,7933.0,1437.75,17253.0,92.5
37,7096.76,4356.36,451945.7567567568,634884.8378378379,0,0,662.0,17962.0,16612.0,92.5,2015-05-01,92.0,87.1,91.9,90.2,16521.0,15635.0,16367.0,16197.0,41.0,32.0,32.0,39.0,89.19999999999999,267.59999999999997,90.23333333333333,541.4,90.80833333333334,1089.7,40.333333333333336,121.0,38.5,231.0,35.916666666666664,431.0,1891.3466666666666,5674.04,13815.255000000003,82891.53000000001,8358.234166666667,100298.81,885.6666666666666,2657.0,1181.6666666666667,7090.0,1374.0,16488.0,93.7
36,15245.23,4124.610000000001,73170.97222222222,18439.63888888889,1,0,634.0,18056.0,16924.0,93.7,2015-06-01,92.5,88.5,94.1,90.3,16612.0,15878.0,16751.0,16087.0,37.0,48.0,34.0,24.0,91.0,273.0,90.33333333333333,542.0,91.0,1092.0,42.0,126.0,39.333333333333336,236.0,35.75,429.0,3906.8566666666666,11720.57,14262.468333333336,85574.81000000001,8360.696666666667,100328.36,756.3333333333334,2269.0,1029.8333333333333,6179.0,1301.6666666666667,15620.0,95.0
40,1266.29,838.54,55985.025,21803.5,0,0,649.0,18097.0,17185.0,95.0,2015-07-01,93.7,92.0,87.8,94.7,16924.0,16521.0,15767.0,16880.0,36.0,41.0,44.0,33.0,92.73333333333335,278.20000000000005,90.26666666666667,541.6,91.28333333333335,1095.4,38.0,114.0,39.666666666666664,238.0,36.75,441.0,8497.133333333333,25491.4,14721.886666666667,88331.32,9518.229166666666,114218.75,682.0,2046.0,880.8333333333334,5285.0,1225.75,14709.0,93.7
38,3261.36,674.34,25131.657894736843,32889.28947368421,0,0,673.0,18098.0,16962.0,93.7,2015-08-01,95.0,92.5,87.1,93.7,17185.0,16612.0,15635.0,16707.0,40.0,37.0,32.0,36.0,93.73333333333335,281.20000000000005,91.46666666666665,548.8,91.30833333333334,1095.7,37.666666666666664,113.0,39.0,234.0,37.333333333333336,448.0,7869.426666666666,23608.28,4880.386666666668,29282.320000000007,9449.965833333334,113399.59,648.3333333333334,1945.0,767.0,4602.0,1149.8333333333333,13798.0,90.6
41,1878.93,1495.57,86170.87804878049,170834.51219512196,0,0,650.0,18138.0,16427.0,90.6,2015-09-01,93.7,93.7,88.5,91.7,16962.0,16924.0,15878.0,16358.0,38.0,36.0,48.0,38.0,94.13333333333334,282.40000000000003,92.56666666666666,555.4,91.30833333333334,1095.7,38.0,114.0,40.0,240.0,37.5,450.0,6590.959999999999,19772.879999999997,5248.908333333335,31493.450000000008,9604.3475,115252.17,652.0,1956.0,704.1666666666666,4225.0,1074.4166666666667,12893.0,86.5
46,2280.31,2206.63,71754.02173913043,18318.217391304348,0,0,597.0,18133.0,15691.0,86.5,2015-10-01,90.6,95.0,92.0,87.7,16427.0,17185.0,16521.0,15660.0,41.0,40.0,41.0,30.0,93.10000000000001,279.3,92.91666666666667,557.5,91.21666666666668,1094.6000000000001,39.666666666666664,119.0,38.833333333333336,233.0,37.75,453.0,2135.5266666666666,6406.58,5316.330000000001,31897.980000000007,9698.951666666666,116387.42,657.3333333333334,1972.0,669.6666666666666,4018.0,995.9166666666666,11951.0,91.7
39,3487.58,1893.49,61184.58974358974,10927.48717948718,0,0,566.0,18186.0,16683.0,91.7,2015-11-01,86.5,93.7,92.5,91.9,15691.0,16962.0,16612.0,16367.0,46.0,38.0,37.0,32.0,90.26666666666667,270.8,92.0,552.0,91.11666666666667,1093.4,41.666666666666664,125.0,39.666666666666664,238.0,39.083333333333336,469.0,2473.5333333333333,7420.6,5171.4800000000005,31028.880000000005,9493.3675,113920.41,640.0,1920.0,644.1666666666666,3865.0,912.9166666666666,10955.0,92.6
18,1720.45,1246.16,56905.22222222222,9979.5,0,0,537.0,18186.0,16842.0,92.6,2015-12-01,91.7,90.6,93.7,94.1,16683.0,16427.0,16924.0,16751.0,39.0,41.0,36.0,34.0,89.60000000000001,268.8,91.86666666666667,551.2,91.10000000000001,1093.2,42.0,126.0,40.0,240.0,39.666666666666664,476.0,2548.94,7646.82,4569.950000000002,27419.700000000008,9416.209166666667,112994.51000000001,604.3333333333334,1813.0,628.1666666666666,3769.0,829.0,9948.0,89.0
42,7041.110000000001,3285.29,132023.35714285713,106114.14285714286,0,0,510.0,18317.0,16297.0,89.0,2016-01-01,92.6,86.5,95.0,87.8,16842.0,15691.0,17185.0,15767.0,18.0,46.0,40.0,44.0,90.26666666666665,270.79999999999995,91.68333333333332,550.0999999999999,90.97500000000001,1091.7,34.333333333333336,103.0,37.0,222.0,38.333333333333336,460.0,2496.1133333333332,7488.34,2315.820000000001,13894.920000000007,8518.853333333334,102226.24,566.6666666666666,1700.0,612.0,3672.0,746.4166666666666,8957.0,88.3
41,7669.95,2328.73,69369.53658536586,48811.24390243903,0,0,430.0,18317.0,16179.0,88.3,2016-02-01,89.0,91.7,93.7,87.1,16297.0,16683.0,16962.0,15635.0,42.0,39.0,38.0,32.0,91.09999999999998,273.29999999999995,90.68333333333332,544.0999999999999,91.075,1092.9,33.0,99.0,37.333333333333336,224.0,38.166666666666664,458.0,4083.0466666666666,12249.14,3278.2900000000013,19669.74000000001,4079.338333333333,48952.06,537.6666666666666,1613.0,588.8333333333334,3533.0,677.9166666666666,8135.0,88.9
29,1357.45,790.87,55725.24137931035,106426.89655172414,0,0,384.0,18319.0,16287.0,88.9,2016-03-01,88.3,92.6,90.6,88.5,16179.0,16842.0,16427.0,15878.0,41.0,18.0,41.0,48.0,89.96666666666665,269.9,89.78333333333332,538.6999999999999,91.175,1094.1,33.666666666666664,101.0,37.833333333333336,227.0,38.916666666666664,467.0,5477.170000000001,16431.510000000002,4013.0550000000017,24078.33000000001,4630.981666666667,55571.78,492.3333333333333,1477.0,548.3333333333334,3290.0,626.25,7515.0,88.6
28,2121.37,1034.41,339344.1785714286,264259.25,0,0,348.0,18319.0,16223.0,88.6,2016-04-01,88.9,89.0,86.5,92.0,16287.0,16297.0,15691.0,16521.0,29.0,42.0,46.0,41.0,88.73333333333333,266.2,89.5,537.0,91.20833333333333,1094.5,37.333333333333336,112.0,35.833333333333336,215.0,37.333333333333336,448.0,5356.17,16068.51,3926.1416666666682,23556.85000000001,4621.235833333333,55454.83,441.3333333333333,1324.0,504.0,3024.0,586.8333333333334,7042.0,89.9
38,1729.54,674.98,55275.42105263158,66161.94736842105,0,0,320.0,18319.0,16477.0,89.9,2016-05-01,88.6,88.3,91.7,92.5,16223.0,16179.0,16683.0,16612.0,28.0,41.0,39.0,37.0,88.60000000000001,265.8,89.85000000000001,539.1,90.925,1091.1,32.666666666666664,98.0,32.833333333333336,197.0,36.25,435.0,3716.2566666666667,11148.77,3899.651666666668,23397.910000000007,4535.565833333333,54426.79,387.3333333333333,1162.0,462.5,2775.0,553.3333333333334,6640.0,91.2
34,2355.1800000000003,2158.5,107664.0294117647,59048.85294117647,0,0,330.0,18433.0,16803.0,91.2,2016-06-01,89.9,88.9,92.6,93.7,16477.0,16287.0,16842.0,16924.0,38.0,29.0,18.0,36.0,89.13333333333333,267.4,89.55,537.3,90.70833333333333,1088.5,31.666666666666668,95.0,32.666666666666664,196.0,36.333333333333336,436.0,1736.12,5208.36,3606.645000000002,21639.87000000001,4088.297499999999,49059.56999999999,350.6666666666667,1052.0,421.5,2529.0,524.8333333333334,6298.0,92.2
31,985.33,755.14,88069.16129032258,28820.322580645163,0,0,359.0,18433.0,17000.0,92.2,2016-07-01,91.2,88.6,89.0,95.0,16803.0,16223.0,16297.0,17185.0,34.0,28.0,42.0,40.0,89.90000000000002,269.70000000000005,89.31666666666666,535.9,90.5,1086.0,33.333333333333336,100.0,35.333333333333336,212.0,36.166666666666664,434.0,2068.6966666666667,6206.09,3712.4333333333343,22274.600000000006,3014.126666666667,36169.520000000004,332.6666666666667,998.0,387.0,2322.0,499.5,5994.0,92.1
49,10886.49,3228.55,137367.97959183677,70084.38775510204,0,1,397.0,18433.0,16976.0,92.1,2016-08-01,92.2,89.9,88.3,93.7,17000.0,16477.0,16179.0,16962.0,31.0,38.0,41.0,38.0,91.10000000000001,273.3,89.85000000000001,539.1,90.26666666666667,1083.2,34.333333333333336,103.0,33.5,201.0,35.416666666666664,425.0,1690.0166666666667,5070.05,2703.1366666666677,16218.820000000007,2990.713333333333,35888.56,336.3333333333333,1009.0,361.8333333333333,2171.0,475.3333333333333,5704.0,90.4
31,10891.72,3001.1200000000003,195639.2258064516,123740.48387096774,0,0,416.0,18456.0,16687.0,90.4,2016-09-01,92.1,91.2,88.9,90.6,16976.0,16803.0,16287.0,16427.0,49.0,34.0,29.0,41.0,91.83333333333333,275.5,90.48333333333333,542.9,90.13333333333334,1081.6000000000001,38.0,114.0,34.833333333333336,209.0,36.333333333333336,436.0,4742.333333333333,14227.0,3239.226666666668,19435.360000000008,3626.1408333333334,43513.69,362.0,1086.0,356.3333333333333,2138.0,452.3333333333333,5428.0,85.4
33,18914.34,11352.79,418527.30303030304,122453.12121212122,2,2,436.0,18471.0,15783.0,85.4,2016-10-01,90.4,92.2,88.6,86.5,16687.0,17000.0,16223.0,15691.0,31.0,31.0,28.0,46.0,91.56666666666666,274.7,90.73333333333333,544.4,90.11666666666667,1081.4,37.0,111.0,35.166666666666664,211.0,35.5,426.0,7587.846666666667,22763.54,4828.271666666667,28969.630000000005,4377.206666666666,52526.479999999996,390.6666666666667,1172.0,361.6666666666667,2170.0,432.8333333333333,5194.0,89.5
30,7639.900000000001,725.23,58446.53333333333,45518.5,0,0,462.0,18491.0,16545.0,89.5,2016-11-01,85.4,92.1,89.9,91.7,15783.0,16976.0,16477.0,16683.0,33.0,49.0,38.0,39.0,89.30000000000001,267.90000000000003,90.2,541.2,90.02499999999999,1080.3,37.666666666666664,113.0,36.0,216.0,34.416666666666664,413.0,13564.183333333332,40692.549999999996,7627.100000000001,45762.600000000006,5763.375833333334,69160.51000000001,416.3333333333333,1249.0,376.3333333333333,2258.0,419.4166666666667,5033.0,91.3
34,14542.7,10578.6,61777.82352941176,24830.5,0,0,507.0,18510.0,16896.0,91.3,2016-12-01,89.5,90.4,91.2,92.6,16545.0,16687.0,16803.0,16842.0,30.0,31.0,34.0,18.0,88.43333333333334,265.3,90.13333333333334,540.8000000000001,89.84166666666665,1078.1,31.333333333333332,94.0,34.666666666666664,208.0,33.666666666666664,404.0,12481.986666666666,37445.96,8612.160000000002,51672.96000000001,6109.4025,73312.83,438.0,1314.0,400.0,2400.0,410.75,4929.0,88.4
39,17344.75,15894.990000000002,258067.0769230769,19537.0,0,0,542.0,18617.0,16462.0,88.4,2017-01-01,91.3,85.4,92.2,89.0,16896.0,15783.0,17000.0,16297.0,34.0,33.0,31.0,42.0,88.73333333333335,266.20000000000005,90.14999999999999,540.9,89.73333333333335,1076.8000000000002,32.333333333333336,97.0,34.666666666666664,208.0,35.0,420.0,13698.980000000001,41096.94,10643.413333333336,63860.48000000001,7177.923333333333,86135.08,468.3333333333333,1405.0,429.5,2577.0,408.25,4899.0,85.0
31,15172.43,1489.16,76848.6129032258,20408.74193548387,1,1,593.0,18617.0,15827.0,85.0,2017-02-01,88.4,89.5,92.1,88.3,16462.0,16545.0,16976.0,16179.0,39.0,30.0,49.0,41.0,89.73333333333333,269.2,89.51666666666667,537.1,89.68333333333334,1076.2,34.333333333333336,103.0,36.0,216.0,34.75,417.0,13175.783333333335,39527.350000000006,13369.983333333335,80219.90000000001,8036.56,96438.72,503.6666666666667,1511.0,460.0,2760.0,410.9166666666667,4931.0,88.2
34,2652.82,2022.82,106257.85294117648,65821.61764705883,0,0,634.0,18621.0,16421.0,88.2,2017-03-01,85.0,91.3,90.4,88.9,15827.0,16896.0,16687.0,16287.0,31.0,34.0,31.0,29.0,88.23333333333333,264.7,88.33333333333333,530.0,89.40833333333335,1072.9,34.666666666666664,104.0,33.0,198.0,33.916666666666664,407.0,15686.626666666669,47059.880000000005,14084.30666666667,84505.84000000001,8661.766666666668,103941.20000000001,547.3333333333334,1642.0,492.6666666666667,2956.0,424.5,5094.0,92.8
39,2194.06,1895.45,25516.666666666668,12095.820512820514,0,0,685.0,18621.0,17276.0,92.8,2017-04-01,88.2,88.4,85.4,88.6,16421.0,16462.0,15783.0,16223.0,34.0,39.0,33.0,28.0,87.2,261.6,87.96666666666665,527.8,89.35000000000001,1072.2,34.666666666666664,104.0,33.5,201.0,34.333333333333336,412.0,11723.333333333334,35170.0,12711.15666666667,76266.94000000002,8769.714166666667,105236.56999999999,589.6666666666666,1769.0,529.0,3174.0,445.3333333333333,5344.0,94.4
26,2498.92,942.08,66453.65384615384,76472.76923076923,0,0,714.0,18557.0,17514.0,94.4,2017-05-01,92.8,85.0,89.5,89.9,17276.0,15827.0,16545.0,16477.0,39.0,31.0,30.0,38.0,88.66666666666667,266.0,89.2,535.2,89.7,1076.4,34.666666666666664,104.0,34.5,207.0,35.25,423.0,6673.1033333333335,20019.31,9924.443333333335,59546.66000000001,8775.771666666666,105309.26,637.3333333333334,1912.0,570.5,3423.0,473.4166666666667,5681.0,94.4
26,1486.53,856.07,76905.15384615384,26805.57692307692,0,0,747.0,18567.0,17527.0,94.4,2017-06-01,94.4,88.2,91.3,91.2,17514.0,16421.0,16896.0,16803.0,26.0,34.0,34.0,34.0,91.8,275.4,90.01666666666667,540.1,90.075,1080.9,33.0,99.0,33.833333333333336,203.0,34.25,411.0,2448.6,7345.8,9067.613333333335,54405.68000000001,8839.886666666667,106078.64000000001,677.6666666666666,2033.0,612.5,3675.0,506.25,6075.0,95.1
33,9223.01,5072.71,69360.0,330386.7575757576,0,0,765.0,18567.0,17659.0,95.1,2017-07-01,94.4,92.8,88.4,92.2,17527.0,17276.0,16462.0,17000.0,26.0,39.0,39.0,31.0,93.86666666666667,281.6,90.53333333333335,543.2,90.34166666666665,1084.1,30.333333333333332,91.0,32.5,195.0,33.583333333333336,403.0,2059.8366666666666,6179.509999999999,6891.585000000002,41349.51000000001,8767.499166666666,105209.99,715.3333333333334,2146.0,652.5,3915.0,541.0,6492.0,92.9
49,13210.7,3041.03,143592.67346938775,71957.61224489796,0,0,764.0,18571.0,17243.0,92.9,2017-08-01,95.1,94.4,85.0,92.1,17659.0,17514.0,15827.0,16976.0,33.0,26.0,31.0,49.0,94.63333333333333,283.9,91.65000000000002,549.9000000000001,90.58333333333333,1087.0,28.333333333333332,85.0,31.5,189.0,33.75,405.0,4402.82,13208.46,5537.961666666667,33227.770000000004,9453.9725,113447.67,742.0,2226.0,689.6666666666666,4138.0,574.8333333333334,6898.0,85.4
30,1700.53,234.09,167756.63333333333,150424.36666666667,0,0,752.0,18496.0,15788.0,85.4,2017-09-01,92.9,94.4,88.2,90.4,17243.0,17527.0,16421.0,16687.0,49.0,26.0,34.0,31.0,94.13333333333333,282.4,92.96666666666668,557.8000000000001,90.64999999999999,1087.8,36.0,108.0,34.5,207.0,33.75,405.0,7973.413333333334,23920.24,5211.006666666668,31266.040000000008,9647.656666666668,115771.88,758.6666666666666,2276.0,718.1666666666666,4309.0,605.4166666666666,7265.0,88.4
40,16089.86,5306.83,101319.4,175611.275,0,0,741.0,18497.0,16343.0,88.4,2017-10-01,85.4,95.1,92.8,85.4,15788.0,17659.0,17276.0,15783.0,30.0,33.0,39.0,33.0,91.13333333333333,273.4,92.5,555.0,90.23333333333335,1082.8000000000002,37.333333333333336,112.0,33.833333333333336,203.0,33.666666666666664,404.0,8044.746666666667,24134.24,5052.291666666668,30313.750000000007,8881.724166666667,106580.69,760.3333333333334,2281.0,737.8333333333334,4427.0,633.4166666666666,7601.0,92.6
37,7894.410000000001,7776.79,175393.51351351352,873381.2432432432,0,0,738.0,18505.0,17127.0,92.6,2017-11-01,88.4,92.9,94.4,89.5,16343.0,17243.0,17514.0,16545.0,40.0,49.0,26.0,30.0,88.90000000000002,266.70000000000005,91.76666666666667,550.6,90.48333333333333,1085.8,39.666666666666664,119.0,34.0,204.0,34.25,411.0,10333.696666666669,31001.090000000004,7368.258333333335,44209.55000000001,8646.350833333334,103756.21,752.3333333333334,2257.0,747.1666666666666,4483.0,658.8333333333334,7906.0,94.7
31,229.79,160.07,14793.064516129032,10840.0,0,0,748.0,18543.0,17562.0,94.7,2017-12-01,92.6,85.4,94.4,91.3,17127.0,15788.0,17527.0,16896.0,37.0,30.0,26.0,34.0,88.8,266.4,91.46666666666665,548.8,90.74166666666667,1088.9,35.666666666666664,107.0,35.833333333333336,215.0,34.833333333333336,418.0,8561.6,25684.800000000003,8267.506666666668,49605.04000000001,8667.56,104010.72,743.6666666666666,2231.0,751.1666666666666,4507.0,681.8333333333334,8182.0,91.0
41,963.93,745.17,26010.80487804878,25939.48780487805,0,0,750.0,18598.0,16917.0,91.0,2018-01-01,94.7,88.4,95.1,88.4,17562.0,16343.0,17659.0,16462.0,31.0,40.0,33.0,39.0,91.89999999999999,275.7,91.51666666666667,549.1,91.02499999999999,1092.3,36.0,108.0,36.666666666666664,220.0,34.583333333333336,415.0,8071.353333333335,24214.060000000005,8058.050000000002,48348.30000000001,7474.817500000001,89697.81000000001,742.3333333333334,2227.0,751.3333333333334,4508.0,701.9166666666666,8423.0,88.0
31,4818.02,3877.14,81779.16129032258,34404.16129032258,0,0,788.0,18598.0,16360.0,88.0,2018-02-01,91.0,92.6,92.9,85.0,16917.0,17127.0,17243.0,15827.0,41.0,37.0,49.0,31.0,92.76666666666667,278.3,90.83333333333333,545.0,91.24166666666667,1094.9,36.333333333333336,109.0,38.0,228.0,34.75,417.0,3029.376666666667,9088.130000000001,6681.536666666668,40089.22000000001,6109.749166666667,73316.99,745.3333333333334,2236.0,748.8333333333334,4493.0,719.25,8631.0,91.1
27,2230.15,1640.25,164809.2962962963,36577.22222222222,0,0,799.0,18598.0,16945.0,91.1,2018-03-01,88.0,94.7,85.4,88.2,16360.0,17562.0,15788.0,16421.0,31.0,31.0,30.0,34.0,91.23333333333333,273.7,90.01666666666667,540.1,91.49166666666667,1097.9,34.333333333333336,103.0,35.0,210.0,34.75,417.0,2003.9133333333336,6011.740000000001,5282.756666666668,31696.540000000008,5246.881666666667,62962.58,762.0,2286.0,752.8333333333334,4517.0,735.5,8826.0,92.0
29,4183.7,1290.77,107493.1724137931,185815.24137931035,0,0,817.0,18598.0,17101.0,92.0,2018-04-01,91.1,91.0,88.4,92.8,16945.0,16917.0,16343.0,17276.0,27.0,41.0,40.0,39.0,90.03333333333335,270.1,90.96666666666665,545.8,91.73333333333333,1100.8,33.0,99.0,34.5,207.0,34.166666666666664,410.0,2670.7000000000003,8012.1,5371.0266666666685,32226.16000000001,5211.659166666667,62539.91,779.0,2337.0,760.6666666666666,4564.0,749.25,8991.0,93.2
25,3139.84,665.8199999999999,98676.32,59505.96,0,0,845.0,18598.0,17341.0,93.2,2018-05-01,92.0,88.0,92.6,94.4,17101.0,16360.0,17127.0,17514.0,29.0,31.0,37.0,26.0,90.36666666666667,271.1,91.56666666666666,549.4,91.66666666666667,1100.0,29.0,87.0,32.666666666666664,196.0,33.333333333333336,400.0,3743.956666666667,11231.87,3386.666666666668,20320.000000000007,5377.462500000001,64529.55,801.3333333333334,2404.0,773.3333333333334,4640.0,760.25,9123.0,97.0
35,2112.94,1803.65,112625.8,42038.54285714286,0,0,861.0,18598.0,18041.0,97.0,2018-06-01,93.2,91.1,94.7,94.4,17341.0,16945.0,17562.0,17527.0,25.0,27.0,31.0,26.0,92.10000000000001,276.3,91.66666666666667,550.0,91.56666666666666,1098.8,27.0,81.0,30.666666666666668,184.0,33.25,399.0,3184.5633333333335,9553.69,2594.238333333335,15565.43000000001,5430.8725,65170.47,820.3333333333334,2461.0,791.1666666666666,4747.0,771.1666666666666,9254.0,95.1
36,709.12,440.12,48078.47222222222,66297.66666666667,0,0,861.0,18598.0,17688.0,95.1,2018-07-01,97.0,92.0,91.0,95.1,18041.0,17101.0,16917.0,17659.0,35.0,29.0,41.0,33.0,94.06666666666666,282.2,92.05,552.3,91.78333333333335,1101.4,29.666666666666668,89.0,31.333333333333332,188.0,34.0,408.0,3145.493333333334,9436.480000000001,2908.096666666668,17448.58000000001,5483.073333333334,65796.88,841.0,2523.0,810.0,4860.0,780.6666666666666,9368.0,96.6
31,6952.89,6417.97,156497.5806451613,68806.64516129032,0,0,864.0,18601.0,17969.0,96.6,2018-08-01,95.1,93.2,88.0,92.9,17688.0,17341.0,16360.0,17243.0,36.0,25.0,31.0,49.0,95.09999999999998,285.29999999999995,92.73333333333333,556.4,91.78333333333335,1101.4,32.0,96.0,30.5,183.0,34.25,411.0,1987.3000000000002,5961.900000000001,2865.6283333333345,17193.770000000008,4773.5825,57282.990000000005,855.6666666666666,2567.0,828.5,4971.0,788.6666666666666,9464.0,93.5
43,5150.7,3159.54,57341.6976744186,97408.06976744186,0,0,864.0,18601.0,17383.0,93.5,2018-09-01,96.6,97.0,91.1,85.4,17969.0,18041.0,16945.0,15788.0,31.0,35.0,27.0,30.0,96.23333333333333,288.7,94.16666666666667,565.0,92.09166666666665,1105.1,34.0,102.0,30.5,183.0,32.75,393.0,3258.316666666667,9774.95,3221.440000000001,19328.640000000007,4252.098333333334,51025.18000000001,862.0,2586.0,841.1666666666666,5047.0,797.0,9564.0,90.0
41,5778.46,4493.94,93858.56097560975,94963.24390243902,0,0,870.0,18603.0,16735.0,90.0,2018-10-01,93.5,95.1,92.0,88.4,17383.0,17688.0,17101.0,16343.0,43.0,36.0,29.0,40.0,95.06666666666666,285.2,94.56666666666666,567.4,92.76666666666667,1113.2,36.666666666666664,110.0,33.166666666666664,199.0,33.833333333333336,406.0,4270.903333333333,12812.71,3708.198333333334,22249.190000000006,4539.6125,54475.35,863.0,2589.0,852.0,5112.0,806.3333333333334,9676.0,94.1
37,54759.5,4494.89,73953.13513513513,75537.05405405405,0,1,884.0,18603.0,17500.0,94.1,2018-11-01,90.0,96.6,93.2,92.6,16735.0,17969.0,17341.0,17127.0,41.0,31.0,25.0,37.0,93.36666666666667,280.1,94.23333333333333,565.4,92.89999999999999,1114.8,38.333333333333336,115.0,35.166666666666664,211.0,33.916666666666664,407.0,5960.683333333334,17882.050000000003,3973.9916666666672,23843.950000000004,3680.3291666666664,44163.95,866.0,2598.0,860.8333333333334,5165.0,817.0833333333334,9805.0,95.4
29,17501.05,8670.89,229722.58620689652,672317.7586206896,0,0,880.0,18603.0,17749.0,95.4,2018-12-01,94.1,93.5,97.0,94.7,17500.0,17383.0,18041.0,17562.0,37.0,43.0,35.0,31.0,92.53333333333335,277.6,94.38333333333333,566.3,93.02499999999999,1116.3,40.333333333333336,121.0,37.166666666666664,223.0,33.916666666666664,407.0,21896.22,65688.66,12577.268333333335,75463.61000000002,7585.753333333334,91029.04000000001,872.6666666666666,2618.0,867.3333333333334,5204.0,829.25,9951.0,91.0
32,2922.06,1879.14,153792.53125,184510.96875,0,0,866.0,18808.0,17111.0,91.0,2019-01-01,95.4,90.0,95.1,91.0,17749.0,16735.0,17688.0,16917.0,29.0,41.0,36.0,41.0,93.16666666666667,279.5,94.11666666666667,564.7,93.08333333333333,1117.0,35.666666666666664,107.0,36.166666666666664,217.0,33.75,405.0,26013.003333333338,78039.01000000001,15141.953333333333,90851.72,9025.025,108300.29999999999,878.0,2634.0,870.5,5223.0,840.25,10083.0,85.9
38,2076.4,1875.16,49911.23684210526,102391.73684210528,0,0,853.0,18808.0,16160.0,85.9,2019-02-01,91.0,94.1,96.6,88.0,17111.0,17500.0,17969.0,16360.0,32.0,37.0,31.0,31.0,93.5,280.5,93.43333333333332,560.5999999999999,93.08333333333333,1117.0,32.666666666666664,98.0,35.5,213.0,33.0,396.0,25060.87,75182.61,15510.776666666667,93064.66,9188.2025,110258.43,876.6666666666666,2630.0,871.3333333333334,5228.0,849.9166666666666,10199.0,86.8
38,3071.7200000000003,2639.34,114057.44736842104,33228.26315789474,0,0,830.0,18808.0,16323.0,86.8,2019-03-01,85.9,95.4,93.5,91.1,16160.0,17749.0,17383.0,16945.0,38.0,29.0,43.0,27.0,90.76666666666667,272.3,91.64999999999999,549.9,92.90833333333332,1114.8999999999999,33.0,99.0,36.666666666666664,220.0,33.583333333333336,403.0,7499.836666666666,22499.51,14698.028333333335,88188.17000000001,8959.734166666667,107516.81,866.3333333333334,2599.0,869.5,5217.0,855.3333333333334,10264.0,88.7
30,830.0500000000001,380.85,69822.7,109430.46666666666,0,0,824.0,18808.0,16691.0,88.7,2019-04-01,86.8,91.0,90.0,92.0,16323.0,17111.0,16735.0,17101.0,38.0,32.0,41.0,29.0,87.89999999999999,263.7,90.53333333333335,543.2,92.55000000000001,1110.6000000000001,36.0,108.0,35.833333333333336,215.0,34.5,414.0,2690.06,8070.18,14351.531666666668,86109.19,9029.865,108358.38,849.6666666666666,2549.0,863.8333333333334,5183.0,857.9166666666666,10295.0,90.6
34,1050.27,613.19,79425.29411764706,19440.91176470588,0,0,802.0,18808.0,17043.0,90.6,2019-05-01,88.7,85.9,94.1,93.2,16691.0,16160.0,17500.0,17341.0,30.0,38.0,37.0,25.0,87.13333333333333,261.4,90.31666666666666,541.9,92.27499999999999,1107.3,35.333333333333336,106.0,34.0,204.0,34.583333333333336,415.0,1992.7233333333336,5978.170000000001,13526.796666666669,81160.78000000001,8750.394166666667,105004.73,835.6666666666666,2507.0,856.1666666666666,5137.0,858.5,10302.0,94.1
31,4784.71,2096.48,39178.0,41657.25806451613,0,0,790.0,18808.0,17699.0,94.1,2019-06-01,90.6,86.8,95.4,97.0,17043.0,16323.0,17749.0,18041.0,34.0,38.0,29.0,35.0,88.7,266.1,89.73333333333333,538.4,92.05833333333334,1104.7,34.0,102.0,33.5,201.0,35.333333333333336,424.0,1650.6800000000003,4952.040000000001,4575.258333333334,27451.550000000007,8576.263333333332,102915.15999999999,818.6666666666666,2456.0,842.5,5055.0,854.9166666666666,10259.0,94.0
39,14478.48,3761.23,83796.38461538461,136382.79487179487,0,0,782.0,18808.0,17687.0,94.0,2019-07-01,94.1,88.7,91.0,95.1,17699.0,16691.0,17111.0,17688.0,31.0,30.0,32.0,36.0,91.13333333333333,273.4,89.51666666666667,537.1,91.81666666666666,1101.8,31.666666666666668,95.0,33.833333333333336,203.0,35.0,420.0,2221.6766666666667,6665.03,2455.8683333333347,14735.210000000008,8798.910833333333,105586.93,805.3333333333334,2416.0,827.5,4965.0,849.0,10188.0,94.8
24,3097.78,406.44,38204.458333333336,25772.0,0,0,760.0,18808.0,17833.0,94.8,2019-08-01,94.0,90.6,85.9,96.6,17687.0,17043.0,16160.0,17969.0,39.0,34.0,38.0,31.0,92.89999999999999,278.7,90.01666666666667,540.1,91.72500000000001,1100.7,34.666666666666664,104.0,35.0,210.0,35.25,423.0,6771.153333333333,20313.46,4381.938333333334,26291.63000000001,9946.3575,119356.29,791.3333333333334,2374.0,813.5,4881.0,842.4166666666666,10109.0,88.9
27,1637.69,1503.98,84058.88888888889,44112.92592592593,0,0,726.0,18808.0,16728.0,88.9,2019-09-01,94.8,94.1,86.8,93.5,17833.0,17699.0,16323.0,17383.0,24.0,31.0,38.0,43.0,94.3,282.9,91.5,549.0,91.575,1098.9,31.333333333333332,94.0,32.666666666666664,196.0,34.666666666666664,416.0,7453.656666666666,22360.969999999998,4552.168333333334,27313.010000000006,9625.098333333333,115501.18,777.3333333333334,2332.0,798.0,4788.0,833.75,10005.0,85.8
29,17417.739999999998,14992.73,123921.03448275862,901197.8275862068,0,0,708.0,18808.0,16128.0,85.8,2019-10-01,88.9,94.0,88.7,90.0,16728.0,17687.0,16691.0,16735.0,27.0,39.0,30.0,41.0,92.56666666666666,277.7,91.85000000000001,551.1,91.19166666666666,1094.3,30.0,90.0,30.833333333333332,185.0,33.333333333333336,400.0,6404.650000000001,19213.95,4313.163333333335,25878.98000000001,9332.3475,111988.17,756.0,2268.0,780.6666666666666,4684.0,822.25,9867.0,90.6
36,6588.38,2268.51,71712.13888888889,161698.52777777778,0,0,678.0,18808.0,17041.0,90.6,2019-11-01,85.8,94.8,90.6,94.1,16128.0,17833.0,17043.0,17500.0,29.0,24.0,34.0,37.0,89.83333333333333,269.5,91.36666666666666,548.1999999999999,90.84166666666668,1090.1000000000001,26.666666666666668,80.0,30.666666666666668,184.0,32.333333333333336,388.0,7384.403333333333,22153.21,7077.778333333335,42466.670000000006,10302.287499999999,123627.44999999998,731.3333333333334,2194.0,761.3333333333334,4568.0,808.75,9705.0,92.5
26,913.46,164.69,54150.84615384616,32815.88461538462,0,0,673.0,18808.0,17395.0,92.5,2019-12-01,90.6,88.9,94.1,95.4,17041.0,16728.0,17699.0,17749.0,36.0,27.0,31.0,29.0,88.43333333333332,265.29999999999995,91.36666666666667,548.2,90.55,1086.6,30.666666666666668,92.0,31.0,186.0,32.25,387.0,8547.936666666666,25643.81,8000.796666666668,48004.780000000006,6288.027499999999,75456.32999999999,704.0,2112.0,740.6666666666666,4444.0,791.5833333333334,9499.0,88.9
40,22839.24,6787.7300000000005,166666.3,42353.375,0,0,671.0,18976.0,16860.0,88.9,2020-01-01,92.5,85.8,94.0,91.0,17395.0,16128.0,17687.0,17111.0,26.0,29.0,39.0,32.0,89.63333333333333,268.9,91.09999999999998,546.5999999999999,90.30833333333332,1083.6999999999998,30.333333333333332,91.0,30.166666666666668,181.0,32.0,384.0,8306.526666666667,24919.579999999998,7355.588333333336,44133.53000000001,4905.728333333333,58868.73999999999,686.3333333333334,2059.0,721.1666666666666,4327.0,774.3333333333334,9292.0,87.0
36,10129.99,150.47,148040.27777777778,20661.305555555555,0,0,678.0,18976.0,16506.0,87.0,2020-02-01,88.9,90.6,94.8,85.9,16860.0,17041.0,17833.0,16160.0,40.0,36.0,24.0,38.0,90.66666666666667,272.0,90.25,541.5,90.13333333333333,1081.6,34.0,102.0,30.333333333333332,182.0,32.666666666666664,392.0,10113.693333333335,30341.08,8749.048333333334,52494.29000000001,6565.493333333332,78785.91999999998,674.0,2022.0,702.6666666666666,4216.0,758.0833333333334,9097.0,83.0
25,3705.11,3480.46,53411.16,19937.96,0,0,663.0,18976.0,15756.0,83.0,2020-03-01,87.0,92.5,88.9,86.8,16506.0,17395.0,16728.0,16323.0,36.0,26.0,27.0,38.0,89.46666666666665,268.4,88.95,533.7,90.22500000000001,1082.7,34.0,102.0,32.333333333333336,194.0,32.5,390.0,11294.230000000001,33882.69,9921.083333333334,59526.50000000001,7236.625833333333,86839.51,674.0,2022.0,689.0,4134.0,743.5,8922.0,70.2
23,241.38,235.55,31350.869565217392,37132.30434782609,0,0,471.0,18976.0,13315.0,70.2,2020-04-01,83.0,88.9,85.8,88.7,15756.0,16860.0,16128.0,16691.0,25.0,40.0,29.0,30.0,86.3,258.9,87.96666666666665,527.8,89.90833333333335,1078.9,33.666666666666664,101.0,32.0,192.0,31.416666666666668,377.0,12224.78,36674.340000000004,10265.653333333334,61593.920000000006,7289.408333333333,87472.9,670.6666666666666,2012.0,678.5,4071.0,729.5833333333334,8755.0,72.0
36,2906.21,990.01,101728.83333333331,75650.63888888889,0,0,267.0,18641.0,13429.0,72.0,2020-05-01,70.2,87.0,90.6,90.6,13315.0,16506.0,17041.0,17043.0,23.0,36.0,36.0,34.0,80.06666666666666,240.2,85.36666666666667,512.2,88.36666666666666,1060.3999999999999,28.0,84.0,31.0,186.0,30.833333333333332,370.0,4692.16,14076.48,7402.926666666669,44417.56000000001,7240.3525,86884.23,604.0,1812.0,639.0,3834.0,700.1666666666666,8402.0,76.4
29,907.53,778.14,108990.44827586209,14496.793103448275,0,0,196.0,18622.0,14217.0,76.4,2020-06-01,72.0,83.0,92.5,94.1,13429.0,15756.0,17395.0,17699.0,36.0,25.0,26.0,31.0,75.06666666666666,225.2,82.26666666666667,493.6,86.81666666666666,1041.8,28.0,84.0,31.0,186.0,31.0,372.0,2284.2333333333336,6852.700000000001,6789.231666666669,40735.390000000014,7395.014166666665,88740.16999999998,467.0,1401.0,570.5,3423.0,655.5833333333334,7867.0,79.6
20,63342.08,35607.62,132344.0,4033815.7,0,1,181.0,18622.0,14824.0,79.6,2020-07-01,76.4,70.2,88.9,94.0,14217.0,13315.0,16860.0,17687.0,29.0,23.0,40.0,39.0,72.86666666666667,218.60000000000002,79.58333333333333,477.5,85.34166666666668,1024.1000000000001,29.333333333333332,88.0,31.5,189.0,30.833333333333332,370.0,1351.7066666666667,4055.12,6788.243333333335,40729.46000000001,7071.915833333333,84862.98999999999,311.3333333333333,934.0,491.0,2946.0,606.0833333333334,7273.0,78.9
28,6658.41,590.3100000000001,142950.64285714287,68344.07142857143,1,1,178.0,18622.0,14693.0,78.9,2020-08-01,79.6,72.0,87.0,94.8,14824.0,13429.0,16506.0,17833.0,20.0,36.0,36.0,24.0,76.0,228.0,78.03333333333335,468.20000000000005,84.14166666666667,1009.7,28.333333333333332,85.0,28.166666666666668,169.0,29.25,351.0,22385.273333333334,67155.82,13538.716666666669,81232.30000000002,11143.8825,133726.59,214.66666666666666,644.0,409.3333333333333,2456.0,556.0,6672.0,76.9
24,826.3100000000001,276.98,24532.95833333333,5753.291666666667,0,0,181.0,18386.0,14138.0,76.9,2020-09-01,78.9,76.4,83.0,88.9,14693.0,14217.0,15756.0,16728.0,28.0,29.0,25.0,27.0,78.30000000000001,234.90000000000003,76.68333333333334,460.1,82.81666666666666,993.8,25.666666666666668,77.0,26.833333333333332,161.0,29.583333333333332,355.0,23636.006666666668,70908.02,12960.12,77760.72,11440.601666666667,137287.22,185.0,555.0,326.0,1956.0,507.5,6090.0,75.3
29,42043.41,391.91,51062.10344827586,26843.241379310344,0,0,204.0,18386.0,13846.0,75.3,2020-10-01,76.9,79.6,70.2,85.8,14138.0,14824.0,13315.0,16128.0,24.0,20.0,23.0,29.0,78.46666666666665,235.39999999999998,75.66666666666667,454.00000000000006,81.81666666666666,981.8,24.0,72.0,26.666666666666668,160.0,29.333333333333332,352.0,23608.933333333334,70826.8,12480.32,74881.92,11372.986666666666,136475.84,180.0,540.0,245.66666666666666,1474.0,462.0833333333333,5545.0,79.3
17,1206.46,237.06,61625.882352941175,258933.23529411765,0,0,234.0,18386.0,14580.0,79.3,2020-11-01,75.3,78.9,72.0,90.6,13846.0,14693.0,13429.0,17041.0,29.0,28.0,36.0,36.0,77.03333333333335,231.10000000000002,76.51666666666667,459.1,80.94166666666668,971.3000000000001,27.0,81.0,27.666666666666668,166.0,29.333333333333332,352.0,16509.376666666667,49528.130000000005,19447.325,116683.95000000001,13425.125833333334,161101.51,187.66666666666666,563.0,201.16666666666666,1207.0,420.0833333333333,5041.0,79.1
25,1303.99,1025.74,58738.68,13349.64,0,1,260.0,18386.0,14539.0,79.1,2020-12-01,79.3,76.9,76.4,92.5,14580.0,14138.0,14217.0,17395.0,17.0,24.0,29.0,26.0,77.16666666666667,231.5,77.73333333333333,466.4,80.0,960.0,23.333333333333332,70.0,24.5,147.0,27.75,333.0,14692.06,44076.18,19164.033333333336,114984.20000000001,12976.6325,155719.59,206.33333333333334,619.0,195.66666666666666,1174.0,383.0833333333333,4597.0,82.6
